{
    "idSave": 382,
    "isFirstSession": false,
    "language": "en",
    "promptDone": false,
    "highScoreEndless": 332395,
    "highScoreTimeRush": 0,
    "musicVolume": 0.1732998490333557,
    "vfxVolume": 0.23030845820903779,
    "continueData": {
        "SongIndex": 0,
        "SuikasContinueData": [
            {
                "Index": 5,
                "PositionX": -2.760794162750244,
                "PositionY": -5.39500093460083
            },
            {
                "Index": 2,
                "PositionX": 1.368836522102356,
                "PositionY": -5.875000953674316
            },
            {
                "Index": 4,
                "PositionX": 2.9635298252105715,
                "PositionY": -5.553101062774658
            }
        ],
        "CurrentSuikaIndex": 1,
        "NextSuikaIndex": 4,
        "Score": 105,
        "TimeRushTime": 180.0,
        "GameMode": 1
    }
}